101.fin;Calculus;Thomas Finney;1998 ;Addison Wesley;400 ;;5 
101.ste;Calculus;James Stewart;1999 ;FTP;400 ;;6 
103.dal;Verzamelingen naïef, axiomatische en toegepast;D van Dalen e.a.;1975 ;TH Delft;363 ;90 313 00586;8 
105.bem;3-D Segmentation and Quantification of MR Angiograms;Bemmel, C.M. van;2003 ;Universiteit Utrecht;131 ;90-393-3579-6;10 
106.wag;informap Algemene constructieleer;l.a.g. Wagemans;2000 ;TU Delft;350 ;;12 
107.bak;Van stoel tot stad;Bakema, J.B.; ;De Haan, Zeist.;139 ;;14 
107.ree;New instruments for dynamic Building construction: computer as partner in construction;Reinout van Rees;2006 ;TU Delft;225 ;978-90-808007-3-1;15 
107.tri;Intreerede Dr.Ir. Trier;Trier, Dr. Ir. A.;1958 ;Wolters, Groningen;18 ;;16 
109.vor;Vormgeving, reader geschiedenis;;2000 ;;160 ;;18 
110.led;Sand-mud segregation in estuaries and tidal basins;Ledden, M. van;2003 ;Technische Universiteit Delft;221 ;90-9016786-2;20 
111.lau;Computer Simulations;Lauwenier, Hans;1992 ;Aramith;150 ;90-6834-106-5;22 
112.bos;Verstand van computers;Bos, A. e.a.;1991 ;Buiten en schipperheim, Amsterdam;50 ;90-6064-759-9;24 
112.lyn;Macintosh 3d Handbook;Craig Lyn;1996 ;Charles River Media;500 ;1-886801-17-7;25 
112.mod;Fundament informatica, ICT voor de tweede fase;;2002 ;instruct;270 ;90 5735 691 0;26 
112.nay;Bouw zelf een expertsysteem in BASIC;Naylor, Chris;1983 ;Sigma Technical Press;255 ;90-6233-167-x;27 
113.enc;Nieuwe geïllustreerde lekturama encyclopedie 1 A/Anga;lekturama;;Lekturama;260 ;;29 
113.gra;New technology ... Oil & Gas Vol 1;Graham & Trtman;1988 ;C.E.C.;500 ;1-85333-058-2;30 
113.gra;New technology ... Oil & Gas Vol 2;Graham & Trtman;1988 ;C.E.C.;500 ;1-85333-059-0;31 
130.hoo;Mensen beïnvloeden;Hook, John;;;;;35 
130.pol;Mensen gaan voor zaken;Pollard, C. William;1996 ;telos;170 ;90-6353-295-4;36 
130.sch;De kracht van bezieling;Schuijt, Lenette;1999 ;scriptum;240 ;90-5594-147-6;37 
130.she;folders bedrijfspolitiek Shell;Shell;2003 ;Shell;;;38 
131.doo;Axiologie en economie;Doorn, A. van;1960 ;Wever, Franeker;147 ;;40 
131.hui;De ondernemingsraad;Huizenga, dr. W.P.;1977 ;Kok, Kampen;84 ;;41 
131.koo;Overheid en onderdaan;Jong, dr. J.J. de;1956 ;Zomer & Keunings, Wageningen;215 ;;42 
131.koo;Het object der economische geschiedenis;Kooy, Dr. T.P. van der;1948 ;Paris,Amsterdam;30 ;;43 
131.koo;Om welvaart en gerechtigheid;Kooy, dr. T.P. van der;1954 ;Zomer & Keunings, Wageningen;172 ;;44 
131.koo;Op het grensgebied van economie en religie;Kooy, dr. T.P. van der;1953 ;Zomer & Keunings, Wageningen;184 ;;45 
131.koo;Over economie en humaniteit;Kooy, dr. T.P. van der;1954 ;Zomer & Keunings, Wageningen;192 ;;46 
131.sch;Hou het klein;Schumacher, E.F.;1973 ;Ambo, Baarn;287 ;90-263-0260-6;47 
132.alg;Wat is normaal?;Algra, H. e.a.;1974 ;Bosch en Keuning, Baarn;48 ;;49 
132.bet;Inleiding tot de wijsbegeerte der wiskunde;Beth, dr. E.W.;1942 ;Dekker & Van de Vegt, Nijmegen;154 ;;50 
132.bos;Griekse Filosofie (dictaat V.U.);Bos, A.P. e.a.; ;V.U., Amsterdam;284 ;;51 
132.bra;De eenheid der wereld;W. Brand, Dr. W.;1957 ;H.E. Stenfert Kroese N.V., Leiden;37 ;;52 
132.hui;De mensch en de beschaving;Huizinga,J.;1946 ;Pantheon;52 ;;53 
132.jas;Platoon;Jaspers, prof. dr. K.;1958 ;Desclee de brouwer;141 ;;54 
132.kuy;Inleiding in de zielkunde;Kuypers, dr. A.;1953 ;Kok, Kampen;425 ;;55 
132.rie;Filosofie en techniek;Riessen, H. van;1949 ;Kok, Kampen;707 ;;56 
132.rie;Wat is filosoferen?;Riessen, prof.dr. H. van;1974 ;D.U.P.;25 ;;57 
132.rie;Een filosofie voor het c.b.-tijdperk;Rietdijk, dr. C.W.;1967 ;Van Gorcum & Comp., Assen;116 ;;58 
132.tei;Het verschijnsel mens;Teilhard de Chardin, P.;1966 ;Aula, Utrecht;287 ;;59 
132.wat;hoofdlijnen der zielkunde;dr. J. Waterink;1934 ;gebr. zomer & keunings - wageningen;260 ;nvt;60 
132.zui;Denkers van deze tijd (2);Zuidema, dr. S.U. e.a.; ;Wever, Franeker;215 ;;61 
132.zui;Denkers van deze tijd (1);Zuidema. dr. S.U. e.a.; ;Wever, Franeker;329 ;;62 
134.gil;Nerveuze christenen;Little, L.G.; ;Gideon, Hoornaar;142 ;;64 
134.opp;In de tijd der catastofen;Oppenheimer, K.;1980 ;Boekencentrum, Den Haag;244 ;;65 
135.baa;Gedachtenbeinvloeding;Baaren, J.I. van;1985 ;Stichting Moria, Amsterdam;45 ;;67 
135.bes;Mens en manipulatie;Besten, A. den e.a.;1967 ;Wending, Driebergen;165 ;;68 
135.bia;Ethiek van het straffen;Bianchi, prof. mr. H.;1964 ;Callenbach, Nijkerk;123 ;;69 
135.boe;Aan Babels stromen;Boersma, Kees;2002 ;Buijten en Schipperheijn, Amst. ;;;70 
135.bri;De straf, haar ethisch en psychologisch aspect;Brillenburg, prof.dr. G.;1956 ;Kok, Kampen;159 ;;71 
135.hin;Een idee waarvoor de tijd is gekomen;Hintzen, P.;1969 ;Nieuwsdienst Morele Herbewapen. ;40 ;;72 
135.rup;Ethiek en economisch leven;Rupp, dr. J.C.C.;1954 ;Boekencentrum, Den Haag;64 ;;73 
135.vog;Ethiek in bedrijf;Vogelaar, drs. N. e.a.;1988 ;De Vuurbaak, Groningen;96 ;;74 
135.zij;De industrialisatie van ons volk;Zijlstra, prof. J. e.a.;;Wever, Franeker;270 ;;75 
137.hil;Verantwoordelijk voor toekomstige generaties?;Hilhorst, dr. M.T.;1987 ;Kok, Kampen.;278 ;;77 
137.hou;Het jaar 2000, verwachtingen en wensen voor onze;Houtert, F. van;1984 ;Ad. Donker, Rotterdam;128 ;;78 
137.mal;argonauts of the western pacific;Malinowski, B.;1922 ;Waveland Press;520 ;0-88133-084-1;79 
137.pol;Gesprek met morgen;Polak, F.L.;1968 ;Teleboek, Bussum;216 ;;80 
137.rie;De maatschappij der toekomst;Riessen, prof. ir. H. van;1957 ;Wever, Franeker;372 ;;81 
138.ado;Opvoeding tot mondigheid;Adorno, T.W.;1971 ;Spectrum, Utrecht;126 ;;83 
138.bav;De mens in de wetenschap;Bavinck, prof. dr. J.H., e.a.;1956 ;Kok, Kampen;123 ;;84 
138.ber;Het bewijs in de wetenschap;Berkouwer, prof. dr. G.C. e.a. ;1959 ;Kok, Kampen;97 ;;85 
138.boo;De actualiteit der wetenschappen;Booy, prof. dr. J. e.a.;1957 ;Kok, Kampen;91 ;;86 
138.car;De grenzen der wetenschap;Caron, prof. dr. W.J.H.;1956 ;Kok, Kampen;68 ;;87 
138.don;De vorming van wetenschappelijke begrippen;Donner, prof. mr. A.M. e.a.;1957 ;Kok, Kampen;69 ;;88 
138.eri;Het kind van de samenleving;Erikson, E.H.;1964 ;Aula boeken, Utrecht;415 ;;89 
138.geb;Kentering van het westelijk wereldbeeld;Gebser, J.;;Meulenhoff, Amsterdam;207 ;;90 
138.ger;Aspecten van de dood in de wetenschappen;Gerbrandy, prof. mr. Sj. e.a.;1956 ;Kok, Kampen;103 ;;91 
138.hor;Kind in het licht;Horst, W. ter e.a.;1990 ;I.C.S., Amsterdam;78 ;;92 
138.mus;Elk mens heeft een naam;Muskens, bisschop;1997 ;Meinema;92 ;;93 
138.nau;Conservatisme en progressiviteit in de wetenschap ;Nauta, prof. dr. D. e.a.;1959 ;Kok, Kampen;83 ;;94 
138.sch;Zelfkritiek in de wetenschap;Schippers, prof. dr. R. e.a.;1963 ;Kok, Kampen;61 ;;95 
152.ste;Mensen en boeken;Stellingwerf;1963 ;;221 ;;99 
155.bos;Kleine bosatlas;;1996 ;Wolters Noordhoff;100 ;90-01-12121-7;101 
203.llo;Joy Unspeakable;Lloyd-Jones, D.M.;1984 ;Kingsway Publications;280 ;;106 
203.mol;De doop met de heilige geest;Molenaar, ds. D.G.;1963 ;Kok, Kampen;272 ;;107 
203.sch;Waar Gods geest werkt;Schlink, dr. B.; ;Wever, Franeker;131 ;;108 
203.tor;De Heilige Geest;Torrey, R.A.;;De stem;154 ;;109 
204.bav;Dubbelportretten;Binnendijk, Henk;1994 ;Kok-Kampen;;;111 
204.bav;Bijbel met kanttekeningen 1;;;Bosch en Keuning;361 ;;112 
204.bav;Bijbel met kanttekeningen 2;;;Bosch en Keuning;373 ;;113 
204.bav;Bijbel met kanttekeningen 3;;;Bosch en Keuning;372 ;;114 
204.bav;Bijbel met kanttekeningen 5;;;Bosch en Keuning;336 ;;115 
204.bav;Bijbel met kanttekeningen 6;;;Bosch en Keuning;323 ;;116 
204.bav;Bijbel met kanttekeningen 7;;;Bosch en Keuning;362 ;;117 
204.bav;Bijbel met kanttekeningen 8;;;Bosch en Keuning;473 ;;118 
204.boe;De Bijbel in de beklaagdenbank;Boer, A.P. de e.a.;1981 ;St. Evangelische Omroep, Hilver.;70 ;;119 
204.dee;Concordantie op het Oude en Nieuwe Testament;Dee, dr. S.P. e.a.; ;Bosch & Keuning, Baarn;405 ;;120 
204.div;Good News, New Testament;Diversen;1984 ;Collins, the Bible societies;779 ;;121 
204.eva;Huis van GOuD;Evangelie lectuur;;Evangelie lectuur;30 ;;122 
204.eva;David groot in het kleine;;1995 ;Katholieke Bijbel Stichting;160 ;90-6173-937-3;123 
204.gis;Concordantie op de bijbel N.T.;Gispen, prof. dr. W.H.;1954 ;Kok, Kampen;366 ;;124 
204.gnb;Groot Nieuws Bijbel;Nederlands bijbelgenootschap;1999 ;Nederlands Bijbelgenootschap;250 ;90-6126-764-1;125 
204.god;SV en Het Boek Parallel nieuw testament + Genesis;God;1994 ;International Bible Society / Holland;510 ;90-70998-21-1;126 
204.gro;Christelijke encyclopedie deel (1);Grosheide, prof. dr. F.W. e.a. ;1956 ;Kok, Kampen;720 ;;127 
204.gro;Christelijke encyclopedie deel (2);Grosheide, prof. dr. F.W. e.a. ;1957 ;Kok, Kampen;700 ;;128 
204.gro;Christelijke encyclopedie deel (3);Grosheide, prof. dr. F.W. e.a. ;1958 ;Kok, Kampen;680 ;;129 
204.gro;Christelijke encyclopedie deel (4);Grosheide, prof. dr. F.W. e.a. ;1959 ;Kok, Kampen;680 ;;130 
204.gro;Christelijke encyclopedie deel (5);Grosheide, prof. dr. F.W. e.a. ;1960 ;Kok, Kampen;700 ;;131 
204.gro;Christelijke encyclopedie deel (6);Grosheide, prof. dr. F.W. e.a. ;1961 ;Kok, Kampen;724 ;;132 
204.hor;The books that speeks for itself;Horn, R.M.;1970 ;Inter Varsity Press, London;127 ;;133 
204.lan;Humor in de bijbel;Land, Sipke van der;2004 ;Kok, Kampen;120 ;90-435-1017-3;134 
204.nbg;Als vijf hetzelfde zeggen;Nederlands bijbelgenootschap;1975 ;NBG, Amsterdam;171 ;;135 
204.ver;Bijbelwoorden op de man af;Versteeg, dr. J.P.;1983 ;;;;136 
204.wil;David-,- klein in het grote;Willibrord vertaling;1995 ;Tulp B.V. Zwolle;166 ;90-6173-937-3;137 
205.bav;Bijbel met kanttekeningen 4;;;Bosch en Keuning;380 ;;139 
205.bec;Dogmatische studien, de heilige schrift (1);Berkouwer, dr. G.C.;1966 ;Kok, Kampen;234 ;;140 
205.gar;Van schepping tot voleinding;Garderen, ds. C.H. van;1982 ;De Einder, Breda;373 ;;141 
205.gen;Klare wijn, rekenschap over gesch., geh. en gez;Gen. Synode der Ned. Herv. Kerk;1967 ;Boekencentrum, Den Haag;268 ;;142 
205.ger;God met ons;Gereformeerde synode;1980 ;Gereformeerde synode, Leusden;128 ;;143 
205.kui;E voto dordraceno (1);Kuiper, dr. A.;1892 ;Kok, Kampen;493 ;;144 
205.kui;E voto dordraceno (2);Kuiper, dr. A.;1892 ;Kok, Kampen;566 ;;145 
205.kui;E voto dordraceno (3);Kuiper, dr. A.;1892 ;Kok, Kampen;632 ;;146 
205.kui;E voto dordraceno (4);Kuiper, dr. A.;1892 ;Kok, Kampen;644 ;;147 
205.kun;De christenheid als minderheid;Kung, H.;1966 ;Paul Brand, Hilversum;65 ;;148 
205.nbg;Als vijf hetzelfde zeggen;;1975 ;NBG, Amsterdam;171 ;;149 
205.nt;Het Nieuwe Testament, vertaling uit de grondtekst;;;Posthoorn boeken;367 ;;150 
205.pol;Het einde van het conventionele christendom;Pol, dr. W.H. van de;1967 ;Romen & Zonen, Roermond;354 ;;151 
205.pop;Levensbeschouwing (1);Popma, dr. K.J.;1958 ;Buyten en Schipperheyn, Amsterd.;338 ;;152 
205.pop;Levensbeschouwing (2);Popma, dr. K.J.;1959 ;Buyten en Schipperheyn, Amsterd.;414 ;;153 
205.pop;Levensbeschouwing (3);Popma, dr. K.J.;1961 ;Buyten en Schipperheyn, Amsterd.;388 ;;154 
205.pop;Levensbeschouwing (4);Popma, dr. K.J.;1962 ;Buyten en Schipperheyn, Amsterd.;421 ;;155 
205.pop;Levensbeschouwing (5);Popma, dr. K.J.;1962 ;Buyten en Schipperheyn, Amsterd.;320 ;;156 
205.pop;Levensbeschouwing (6);Popma, dr. K.J.;1963 ;Buyten en Schipperheyn, Amsterd.;324 ;;157 
205.pri;De Pijlers van het Christelijk Geloof;Prince, Derek;1995 ;DPM Nederland;582 ;90-75185-03-0;158 
205.raa;De Heidelbergse cathechismus;Raad voor de cath. der N.H.kerk;1980 ;Boekencentrum, Den Haag;100 ;;159 
205.sam;Samul en Saul; ;1977 ;NBG/Kok, Kampen;92 ;;160 
205.sch;Heidelbergse catechismus (zondag 1-4);Schilder, prof. dr. K.;1947 ;Kok, Kampen;548 ;;161 
205.sch;Heidelbergse catechismus (zondag 5-7);Schilder, prof. dr. K.;1949 ;Kok, Kampen;656 ;;162 
205.sel;Nieuwe Testament, Ver boven alles uit;;1988 ;Stichting evangelie lektuur, Kinderdijk;310 ;;163 
206.fee;Onze geloofsbelijdenis;Feenstra, J.G.;1950 ;J.H. Kok N.V. Kampen;496 ;;165 
220.bar;Handleiding voor het literatuurwerk;Baronner, J.;1988 ;IFES-Nederland;28 ;;169 
220.ber;Ik verbind je door;Berger, A. e.a.;1980 ;Gideon, Hoornaar;125 ;;170 
220.gau;De een voor de ander;Stephen Gaukroger & David Warren;1997 ;Voorhoeve;156 ;90-297-1523-5;171 
220.goo;Onbevangen verstaan;Goot, Dr. Henry vander;1984 ;buijten & schipperheijn;98 ;90-6064-540-5;172 
220.ker;Handleiding voor bijbelkringleiders;Kerk, A.J. van der e.a.;1984 ;C.S.R., Delft;72 ;;173 
220.pur;Het 31-dagen dagboek;Purnell, D.;1984 ;Stichting Proclamatie, Drieberg.;56 ;;174 
220.sta;Iedereen een mentor, persoonlijke relaties om beter te functioneren;Stanley, P., e.a.;2003 ;navigator boeken;206 ;90 76596 727;175 
220.tra;Het woord in de kring;Tramper, N, e.a.;1992 ;Ifes-Nederland, Amsterdam;136 ;;176 
220.tra;Het woord in de kring;Tramper, N.;1995 ;uitgeverij boekencentrum zoetermeer;136 ;;177 
222.bin;zoals mozes;Binnendijk, henk;1988 ;kok, kampen;110 ;90-242-4426-9;179 
222.gro;Ezra Nehemia - leiders vd wederopbouw;drs. j.e. de Groot;2004 ;telos;130 ;90-5881-167-0;180 
222.gut;Gerechtigheid om niet;Gutierrez, G.;1986 ;Ten Have, Baarn;182 ;;181 
222.jan;De heerlijkheid der psalmen;Janse, A.;1964 ;St. Uitgave ref. boeken;98 ;;182 
222.kat;Wegwijs in de psalmen;Kats, drs. W.;;filippus;90 ;90-71078-82-5;183 
222.kid;De boodschap van Prediker;Kidner, D.;1976 ;Novapres, Apeldoorn;128 ;;184 
222.koh;De tijding van Job;Kohlbrugge, prof. dr. H.;1981 ;Voorhoeve, Den Haag;91 ;;185 
222.kri;Simson, richter en nazireeer;Krijtenburg, ds. A.I.;1956 ;Oosterbaan & Le Cointre, Goes;191 ;;186 
222.law;The gospel in exodus;Law, Henry;1855 ;hazell watson & viney ltd., aylesbury, bucks;152 ;;187 
222.lew;Reflections on the psalms;Lewis, C.S.;1961 ;Fontana books;128 ;;188 
222.mac;Aantekeningen op Exodus;Mackintosh, dr. C.H.; ;Woord der waarheid, Winschoten;229 ;;189 
222.mac;Aantekeningen op Leviticus;Mackintosh, dr. C.H.; ;Woord der waarheid, Winschoten;237 ;;190 
222.nbg;De ark van Noach;N.B.G.;1987 ;N.B.G., Haarlem;25 ;;191 
222.nbg;Het hoogste lied, Salomo;N.B.G.;1974 ;N.B.G., Amsterdam;42 ;;192 
222.pet;De psalmen;peterson, e;1992 ;Zalsman Grafisch Bedrijf Kampen;48 ;90.323.0613.8;193 
222.pop;A Battle for Righteousness;Popma, Prof.Dr.K.J.1998;;Essence Publishing;277 ;1-894169-34-4;194 
222.rea;Exodus;Reapsome, James;1989 ;Intervarsity Press;110 ;;195 
222.sch;Voortvarend en vierend;Schuman, N.A.;1985 ;Meinema, Delft;140 ;90-211-3095-5;196 
222.tra;Psalmen, dicht bij God wonen;Niek Tramper;1998 ;Boekencentrum, Den Haag;120 ;90-239-0565-2;197 
222.tra;Psalmen;Tramper, N.;1998 ;Boekencentrum, Den Haag;;;198 
222.vel;Kernteksten uit Jozua;Velema, J.H.;1996 ;De Groot Goudriaan;;;199 
222.wol;Jozua en Richteren;Wolf, J.de;1996 ;Vuurbaak;;;200 
222.yan;De bijbel die Jezus heeft gelezen;Yancey, Philip;2000 ;Barnabas;;;201 
223.ber;De brief aan de Efeziers;Berg, M.R. van den;1981 ;Buijten & Schipperheijn, Amsterdam;151 ;;203 
223.bin;De Bergrede;Henk Binnendijk;1987 ;Kok, Kampen.;83 ;90-297-1509-x;204 
223.blo;De brief aan de Hebreeen;Blok,M.J.C.;1994 ;Vuurbaak;;;205 
223.boe;Galaten;Boer, Ds. C. den;1990 ;Kok Voorhoeve, Kampen;230 ;;206 
223.boe;Romeinen I-VIII;Boer, ds. C. den;1986 ;Kok Kampen;218 ;;207 
223.boe;Romeinen IX-XVI;Boer, ds. C. den;1986 ;Kok Kampen;216 ;;208 
223.bus;Soldaten van christus;Buskes, dr. J.J.;1943 ;Bosch en Keuning, Baarn;47 ;;209 
223.gre;Heilige geschiedenis;Greydanus, prof. dr. S.;1951 ;Oosterbaan, Le Cointre, Goes;224 ;;210 
223.gro;Sprekend boek - God ervaren in de bijbel?;Groei magazine;2002 ;proclama / groei;155 ;90-6534-058-0;211 
223.gro;Handelingen, Kenteksten uit;Groot, ds. J.E. de;1996 ;De Groot Goudriaan;66 ;;212 
223.heb;Stripboek, in het hebreeuws;???;;???;;;213 
223.hoe;Gelijkenissen van Jezus;Hoeven, J. van der;1983 ;Callenbach, Nijkerk;80 ;;214 
223.hug;Bidden vanuit de gelijkenissen;Huggett, Joyce;1996 ;Voorhoeve, Kampen;112 ;90-297-1606-1;215 
223.jon;Van tekst tot uitleg;Jonge, M.de.;;;;;216 
223.kuh;Galatians, Why God accepts us;Kuhhatschek, J.;1986 ;Intervarsity Press, USA;64 ;;217 
223.lev;De Levensbron – nieuwe testament;;1992 ;Geef het woord door;300 ;;218 
223.med;Door het geloof rechtvaardig, Romeinen;Medema, H.P.;1985 ;Uitgeverij H. Medema;223 ;90-6353-140-0;219 
223.mot;De boodschap van Jakobus;Motyer, J.A.;1985 ;Novapres, Apeldoorn;253 ;;220 
223.mot;Ephesians;Motyer, S.;1994 ;Crossway;;;221 
223.nbg;Houvast! Jacobus, Petrus, Judas en Johannes;N.B.G.;1969 ;N.B.G., Amsterdam;96 ;;222 
223.nbg;Macht! het evangelie naar Marcus;N.B.G.;1973 ;N.B.G., Amsterdam;84 ;;223 
223.nbg;Vaart! handelingen der apostelen;N.B.G.;1966 ;N.B.G., Amsterdam;125 ;;224 
223.nbg;Vrij! Het evangelie van Lucas;N.B.G.;1970 ;N.B.G., Amsterdam;114 ;;225 
223.nbg;Waar! Het evangelie van Matteus;N.B.G.;1974 ;N.B.G.;105 ;;226 
223.noo;Efeziers;Noordegraaf, Dr. A.;1992 ;Echo, Amersfoort;56 ;;227 
223.nou;Eindelijk thuis;Nouwen, H.;1998 ;Lannoo;160 ;;228 
223.pea;Handelingen;Peau, P. le;1992 ;Internationale Bijbelbond;141 ;;229 
223.reu;Beste Timotheus;Wolfgang Reuter;1991 ;H.Medema;113 ;;230 
223.ste;Decorum orde en mondigheid in het Nieuwe Testament;Stempvoort, prof. dr. P.A.;1956 ;Callenbach, Nijkerk;28 ;;231 
223.tra;Wandelen in het licht;Tramper, N.;1985 ;I.F.E.S., Amsterdam;32 ;;232 
223.tro;Hedendaagse ethiek in het licht van het Nieuwe Testament;Troost, Prof.dr. A., e.a.;1971 ;Buijten & Schipperheijn, Amsterdam;31 ;;233 
223.wil;De boodschap van Openbaring;Wilcock. M;1975 ;Novapress, Hoenderloo;254 ;;234 
223.wil;Toewijding aan Christus;Willis, G.C.;2000 ;Uit het Woord der Waarheid;;;235 
223.wol;Hebrews;Wolcott, L.T.;1998 ;Addington;;;236 
224.hoe;Het koninkrijk komt;Hoekendijk-la Riviere, E.; ;Kok, Kampen;116 ;90 242 0509 3;238 
224.hou;Hoe zal het aflopen?;Houwing, Warmolt ;2001 ;Stichting Goed Nieuws;45 ;90-5798-066-5;239 
224.lad;The presence of the future;Ladd, George Eldon;1974 ;eerdmans;340 ;0-8028-1531-6;240 
224.rob;Het drama van de eindtijd;Robert, Oral;1963 ;Stichting Volle Evangelie zending;114 ;;241 
224.ver;Signalen van de eindtijd?;Vermaat, J.A.E.;1975 ;De Banier, Utrecht;271 ;;242 
225.bou;Dichter bij de profeten;Bouhuijs, K. e.a.;1968 ;Ten Have, Amsterdam;152 ;;244 
225.dam;Jesaja, de Redder komt, bijbelstudie over Jesaja 40-66;Dam, H.P.;1995 ;Uitgeverij De Vuurbaak Barneveld;112 ;90-5560-027-X;245 
225.dam;Jesaja, de Redder komt, bijbelstudie over Jesaja 40-66;Dam, H.P.;1995 ;Uitgeverij De Vuurbaak Barneveld;112 ;90-5560-027-X;246 
225.llo;From fear to faith, stud. in the book of Habbakuk ;Lloyd-Jones, D.M.;1953 ;Inter-Varsity Press, London;78 ;;247 
225.lut;De zeven gesprekken van Maleachi;Lthi, Walter;1948 ;Wever, Franeker;111 ;;248 
225.pie;Elijah;Pierson, Lance;1989 ;Inter-Varsity Press, Leicester, England;176 ;;249 
225.sch;Obadja;Schelling, dr. P.;1989 ;Kok Kampen;72 ;;250 
226.bav;Mensen rondom Jezus;Bavinck, J.H.;1960 ;Uitgeversmaatschappij J.H. Kok N.V. - Kampen;166 ;;252 
226.bla;Levensbelangrijke vragen;John Blanchard;1988 ;;;;253 
226.boi;Bijbelstudie in de gemeente;Boiten, drs. H.J. e.a.;1990 ;De Vuurbaak, Barneveld;134 ;;254 
226.cu;Hart en handen;Bruijne, de e.a.;2001 ;Boekencentrum, Den Haag;;;255 
226.dal;Geloof met hoofd, hart en handen;Dalen, A. van, e.a.;1996 ;Voorhoeve Kampen;72 ;90-297-1399-2;256 
226.fal;Netwerken van gerechtigheid;Falcke, dr. H. e.a.;1992 ;Radboudstichting, Vught;48 ;;257 
226.fok;Vertelkunst in de bijbel;Jan Fokkelman;1995 ;uitgeverij boekencentrum zoetermeer;220 ;;258 
226.hum;Geestelijke gaven;Hummel, Charles & Anna;1994 ;Internationale Bijbelbond;48 ;90-323-0625-1;259 
226.ivp;New Bible Commentary;Carson, D.A., e.a.;1953 ;Inter-Varsity Press;1455 ;0-85110-648-X;260 
226.job;Studying God's word;Job, J.B.;1972 ;Inter Varsity Press, London;110 ;;261 
226.mur;Niet mijn wil;Murray, A.; ;Gazon, Den Haag;102 ;;262 
226.nbg;Hulp voor de bijbellezer;Nederlands Bijbelgenootschap;1973 ;NBG, Amsterdam;96 ;;263 
226.ncr;Dertien pers. ontmoetingen met vrouwen in de Bijb.;N.C.R.V.;1988 ;Kok, Kampen;59 ;;264 
226.ouw;Geneest de zieken!;Ouweneel, W.J.;2003 ;medema;420 ;90-6353-415-9;265 
226.pop;De vrijheid der exegese;Popma, dr. K.J.;1944 ;Oosterbaan & Le Cointre, Goes;259 ;;266 
226.son;Huh? Niet-vage bijbelstudies;Sonneveld, Reinier;2004 ;telos;tel zelf maar;90-5881-166-2;267 
226.son;Jutten;Sonneveld, Reinier;2005 ;telos;200 ;90-5881-199-9;268 
226.wal;Gelijk ook wij vergeven;Walters, Richard;1983 ;Novapress, Utrecht;96 ;;269 
226.yfc;God gezocht;youth for christ;1998 ;kok voorhoeve, kampen;91 ;90-297-1306-2;270 
226.yfc;Het komt je niet aanwaaien, 23 Bijbelstudies;Youth for Christ;;Youth for Christ, Nederland;157 ;;271 
240.adm;Zo moeder, zo dochter;Admirant, ds. J. den;1992 ;Hollandscheveld;80 ;;275 
240.bre;Vrouw en man - een plaatsbepaling;Bremmer-Lindeboom, mr. L.G.A.;1983 ;De Vuurbaak, Groningen;80 ;;276 
240.bru;Mens worden;Bruyne, O. de;1994 ;Regenboog;18 ;;277 
240.hoe;Wie doof is kan niet zingen;Hoeven, mr. J. van der;1979 ;Buyten en Schipperheyn, Amster. ;316 ;;278 
240.hyb;Wie je bent als niemand kijkt;Hybels, Bill;1996 ;Medema;117 ;90-6353-248-2;279 
240.luc;Het gaat niet om mij;Max Lucado;2003 ;telos;120 ;90-6353-434-5;280 
240.lum;Alleen is niet alleen;Lum, A.;1979 ;Gideon, Hoornaar;83 ;;281 
240.mcc;Het vaderhart van God;McClung, Floyd;1999 ;Gideon ;;;282 
240.mcc A;Het vaderhart van God;McClung jr, F.;1984 ;Gideon, Hoornaar;123 ;;283 
240.tro;De man, een onbegrepen wezen;Trobisch, W.;1985 ;Kok Kampen;92 ;;284 
240.vin;Hemels DNA;Willem de Vink;2006 ;Jongbloed;230 ;90-8520-060-1;285 
240.whi;Gevarenzones voor mannen;White, J;1997 ;Navigator boeken;223 ;90-76596-018;286 
241.bri;Eerherstel van de deugd;Brillenburg, prof.dr. G.;1958 ;Kok, Kampen;159 ;;288 
241.gut;Theologie van de bevrijding;Gutierrez, C.;1974 ;Ten Have, Baarn;279 ;;289 
241.hoe;Genezing in de verzoening;Hoekendijk, B.;1974 ;Opwekking;69 ;;290 
242.dal;Een antwoord op homotheologie;Dallas, Joe;2002 ;Buijten & Schipperheijn, Amsterdam;81 ;90-75953-10-0;292 
242.veg;Uit de schaduw;Vegt, M. van der ;2004 ;Buijten & Schipperheijn Motief, Amsterdam;64 ;90-5881-171-9;293 
243.bar;Promiseland, hoe kinderen God beleven;Peter Barz e.a.;2000 ;Veldman, Ijsselmuiden;124 ;90-802193-3-9;295 
243.ble;Turned onto Jesus;Blessitt, Arthur;1972 ;Word books, London;242 ;;296 
243.car;Tien mythen over het christelijk geloof;Carkner, Gordon;1987 ;IFES-Nederland, Utrecht;41 ;;297 
243.dij;In gesprek met;Dijken, J. van;1984 ;De Navigators;45 ;;298 
243.fop;De derde weg voor het apostolaat;Pop, ds. F.J.; ;Kerk en wereld;42 ;;299 
243.gau;Gods reddingsoperatie: Ga ervoor!;Gaukroger, S;1997 ;Novapres, Apeldoorn;144 ;90-6318-142-6;300 
243.gre;How can i lead a friend to Christ?;Michael Green;1995 ;hodder & stoughton;130 ;0-340-64261-0;301 
243.gum;Een kwestie van Leven;Nicky Gumbel;1999 ;Gideon, Hoornaar;265 ;90-6067-701-3;302 
243.hab;Het onmogelijke doen;Habets, L.;1979 ;Instituut voor evangelisatie;62 ;;303 
243.ham;Evaluatieverslag Eureka Project;Hammink, J. e.a.;1992 ;Delft;96 ;;304 
243.how;Student power in world evangelism;Howard, D.M.;1970 ;Inter Varsity Press, London;129 ;;305 
243.hyb;Zo wordt je een aanstekelijk Christen;Bill Hybels en Mark Mittelberg;1994 ;Gideon, Hoornaar;231 ;;306 
243.ins;Beleven en doorgeven, handl. voor pers. evangelis.;Instituut voor evangelisatie;1971 ;Inst. voor evangelisatie;144 ;;307 
243.jon;Proeven is geloven;Jongsma, J.;1993 ;Navigators;46 ;;308 
243.lie;Waarom het de moeite waard is Christen te zijn;Norbert Lieth;2000 ;middernachtsroep, Leerdam;70 ;;309 
243.lit;Getuigen maar hoe ?;Little, P.;1979 ;;;;310 
243.mcc;Werken voor God bij de duivel op de stoep;McClung, F.;1988 ;Gideon, Hoornaar;237 ;;311 
243.mcp;Vriendschap-evangelisatie;Mc Phee, A.;1978 ;Gideon, Hoornaar;150 ;;312 
243.pip;Out of the Saltshaker (revised edition);Pippert, R.M.;1999 ;Inter-Varsity Press;291 ;0-85111-646-9;313 
243.pir;Een thuisfront voor de zendeling;Neal Pirolo;1991 ;Gideon;240 ;;314 
243.san;Discipelen maken: Jezus' opdracht in onze tijd;Sanny, L.C.;1987 ;Navigators, De, Driebergen;56 ;;315 
243.sch;Visserslatijn;Peter Scheele;1996 ;Buijten en Schipperheijn;197 ;;316 
243.sch;Vissen bij verlopend getij;Schakel, M.W.; ;Wever, Franeker;128 ;;317 
243.sha;De gelukkigste mensen van de wereld;Shakarian, D.;1980 ;Gramma, Rotterdam;180 ;;318 
243.wal;Two thousand tongues to go;Wallis, E.E. e.a.;1966 ;Hodder & Stoughton.;319 ;;319 
243.wil;Twaalf engelen uit de hel;Wilkerson, D.; ;Gideon, Hoornaar;187 ;;320 
244.jac;De zaak Davidson;Jackman, S.;;Gideon, Hoornaar;227 ;;322 
244.kim;Effectief bidden;Kimuli, Michael;2002 ;Highway media;50 ;90-5811-024-9;323 
244.mcn;Day by day;McNally, Thomas e.a.;1990 ;Ave Maria Press, Indiana, U.S.A.;202 ;;324 
244.nou;De woestijn zal bloeien;Nouwen, H.;1994 ;Lannoo;96 ;;325 
244.pet;Leven met een melodie;Peters, J.P.A.;1979 ;Gooi en Sticht, Hilversum;112 ;;326 
244.pet;Antwoord aan God, leren bidden met de spalmen;Peterson, E.H.;1999 ;Ekklesia;159 ;90-75569-12-2;327 
244.ryl;Bidt u wel?;Ryle, J.C.;1978 ;Echo, Amersfoort;39 ;;328 
244.ude;Gezegend gij Heer;j v Uden;;;50 ;;329 
244.zui;Ons gebed;Zuidema, prof. dr. S.U.;1951 ;Wever, Franeker;185 ;;330 
245.ber;Wat heb je aan je geloof;Bergman, G.;1979 ;Telos;64 ;;332 
245.cra;Bemoediging doet goed;Larry Crabb/ Dan Allender;2004 ;Navigators;150 ;90-6318-206-6;333 
245.ott;Leiding geven aan Gods hand;Ottow, A.;1985 ;I.F.E.S., Amsterdam;22 ;;334 
245.sto;Calling Christian Leaders;Stott, J.;2002 ;Inter-Varsity Press;150 ;0-85111-257-9;335 
246.arg;Treasures out of Darkness;Arguinzoni, S.&J.;1991 ;New Leaf Press;287 ;;337 
246.baa;Als iemand bij u ziek is;Baak, drs. L.C. e.a.;1991 ;De Vuurbaak, Barneveld;64 ;;338 
246.jan;Van de rechtvaardigen;Janse, A.;1962 ;St. Uitg. Ref. boeken, Rijswijk ;344 ;;339 
246.kus;Als 't kwaad goede mensen treft;Kushner, H.S.;1983 ;;;;340 
246.lew;a grief observed;C.S.Lewis;1961 ;harpercollins;90 ;0-06-065273-x;341 
246.pla;The growing up pains;Plass, Adrian;1986 ;Marshall Pickering;187 ;;342 
247.bar;Developing a christian mind;Barclay, O.R.;1984 ;Inter Varsity Press;207 ;;344 
247.bec;Blijf bij uw bevrijder;Becking, Dr. B.E.J.H.;1986 ;Kok, Kampen;62 ;;345 
247.ber;In goede banen;Berg, dr. ir. J.S. van den e.a.;1988 ;De Vuurbaak, Groningen;169 ;;346 
247.ber;De mens onderweg;Berkhof, dr. H.;1960 ;Boekencentrum, Den Haag;127 ;;347 
247.blo;Voor stille ogenblikken;Chr. Blom;;;;;348 
247.bui;Mens, waar ben je?, over verantwoording;Buijs, G. e.a.;1992 ;Christelijk Studiecentrum ICS, Amsterdam;70 ;90-71885-17-8;349 
247.bui;Mens, waar ben je?, over verantwoording;Buijs, G. e.a.;1992 ;I.C.S., Amsterdam;69 ;;350 
247.dal;Horen, zien en groeien;Dalen, A. van;1997 ;IFES Nederland;69 ;;351 
247.day;Planning voor alledag;Dayton, E.R.; ;Interlektuur;196 ;;352 
247.end;Groeien in het geloof;dr. G. van den End;1996 ;kok;90 ;90-242-7750-7;353 
247.fer;Stille tijd;Ferguson-Postma, H.; ;Inter-Varsity Press, London;40 ;;354 
247.gre;Wie is op de vlucht?;Green, M.;1973 ;Wever, Franeker;128 ;;355 
247.gua;De hulp aan de naaste in gevaar;Guardini, R.;1961 ;Lannoo, Den Haag;67 ;;356 
247.gun;Wat is christelijke vrijheid?;Gunnink, ds. G. e.a.;1988 ;De Vuurbaak, Barneveld;119 ;;357 
247.hey;De gevonden Vader;Heynis, Betty;1996 ;Kok Voorhoeve - Kampen;102 ;90-297-1396-8;358 
247.hoe;Leven in de Geest;Hoekendijk, Ben;1987 ;Gideon, Hoornaar;105 ;;359 
247.hol;De bet. van verbond en kerk voor huwel. gez. kerk ;Holwerda, prof. B.;1958 ;Oosterbaan & Le Cointre, Goes;200 ;;360 
247.hug;Living free;Huggett, Joyce;1984 ;Inter-Varsity Press;192 ;0-85110-490-8;361 
247.ife;dagelijks leven met God;Plas, José van der en Talstra, Harmen en Visser, Johan;2005 ;boekencentrum, zoetermeer;190 ;90-239-1909-2;362 
247.ife;Excursies door de bijbel;Veen, ds. R.J. van der; ;IFES, Delft;211 ;;363 
247.joh;Genieten van Gods nabijheid;Johnsen, Jan;1996 ;Navigator boeken;149 ;90-6318-219-8;364 
247.jon;Heiligen Levens in Nederland en Vlaanderen;Jongen, L.;1998 ;Bert Bakker;206 ;;365 
247.lam;How to survive as a student;Lamb, Jonathan;1985 ;Inter-Varsity Press;150 ;0-85110-469-X;366 
247.lee;Food for life;Peter Lee, Greg Scharf, Robert Willcox;1977 ;Inter-Varsity Press;208 ;0-85110-397-9;367 
247.lew;De vier liefdes;Lewis, C.S.;1960 ;Uitgeverij van Wijngen;140 ;90-5194-081-5;368 
247.lew;Top Prioriteit;Lewis, Norman;1988 ;Operatie Mobilisatie;180 ;90-6331-002-1;369 
247.los;Hoe depressief is de blijmoedige christen?;Los, drs. P. e.a.;1988 ;De Vuurbaak, Barneveld;32 ;;370 
247.mat;De anders denken boerderij;Matzken, R.H.;1976 ;Buijten en Schipperheijn;120 ;;371 
247.mil;De smaak van nieuwe wijn;Miller, K.;1969 ;Kok, Kampen;131 ;;372 
247.mul;Er is hoop;Mulligen, Drs. J.;1982 ;;63 ;;373 
247.nee;De vrijmaking van de geest;Watchman Nee;1965 ;Novapres;128 ;90-6318-724-6;374 
247.nee;Het Normale Christelijke Leven;Watchman Nee;;Pro mission;241 ;90-70048-34-5;375 
247.ort;God is dichterbij dan je denkt;Ortiz, J.C.;1993 ;Gideon, Hoornaar;166 ;90-6067-600-9;376 
247.rul;Ik geloof;Ruler, dr. A.A. van;1969 ;Callenbach, Nijkerk;158 ;;377 
247.sch;Leven door de Geest;Schaeffer, F.A.;1972 ;Buijten & Schipperheijn - Amsterdam;193 ;90-6064-199-X;378 
247.ten;Achter God aan;Tommy Tenney;1998 ;sjofar boek en muziek;150 ;90-6823-030-1;379 
247.tor;Ik geloof ...en nu?;Torrey, Dr. R.A.;;De stem Heerlen;95 ;;380 
247.vre;Dicipelschap;L.M.Vreugdenhil;1990 ;J.H.Kok-Kampen;172 ;;381 
247.vri;Omgaan met het aardse goed;Vries, drs. J.P. de;1982 ;De Vuurbaak, Groningen;88 ;;382 
247.wag;De geestelijke gaven voor de opbouw van de gemeente;Wagner, Peter;1990 ;Gideon;171 ;;383 
247.whi;De goede strijd;White, J.;1982 ;Gideon, Hoornaar;273 ;90-6067-218-6;384 
247.whi;Flirten met de wereld;White, J.;1982 ;Gideon, Hoornaar;135 ;;385 
247.wil;Ontdekkingstocht;Willoughby, R.;1984 ;Internationale Bijbelbond;445 ;;386 
248.aal;Theologie der verontrusting;Aalders. dr W.; ;Voorhoeve;107 ;;388 
248.aal;Theologie der verontrusting;Aalders. dr W.; ;Voorhoeve, Den Haag;109 ;;389 
248.aye;What would Jesus say to ... ?;Ayers, S. & Lane, J.;1999 ;inter varsity press;160 ;0-85111-251-x;390 
248.bav;Christelijke wereldbeschouwing;Bavinck, dr. H.;1913 ;Kok, Kampen;106 ;;391 
248.bec;Loving Monday;Beckett, J. D.;1998 ;Inter-Varsity Press;176 ;0-8308-1926-6;392 
248.bur;Business By The Book;Larry Burkett;1998 ;Nelson Business;300 ;;393 
248.cat;Der christ in staat und gesellschaft;Catherwood, H.F.R.;1971 ;Brunnen Verlag.;141 ;;394 
248.dij;beleven en verbeelden (het spanningsveld van literatuur en geloof);ICS;2006 ;ics;115 ;90-239-1981-5;395 
248.dip;Verkenning en verwachting;Dippel, dr. C.J.;1962 ;Boekencentrum, Den Haag;218 ;;396 
248.div;Religie contra ideologie;Diverse schrijvers;1983 ;V.G.S.D.;0 ;;397 
248.ell;Subversief Christendom;Jacques Ellul;1987 ;Kok Agora, Kampen;250 ;90-242-7559-8;398 
248.gen;De terugkeer van de verloren vader;F.O.Van Gennep;1993 ;ten Have/Baarn;544 ;;399 
248.gou;Genoodzaakt goed te wezen;Goudzwaard, dr. B.;1981 ;Kok, Kampen;111 ;;400 
248.gua;De zondag, gisteren, vandaag, altijd;Guardini, R.;1961 ;Lannoo, Den Haag;87 ;;401 
248.ics;Door weer en wind;ICS;1995 ;ICS;70 ;90-71885-24-0;402 
248.ics;Geheel anders;ICS;2000 ;ICS;87 ;90-71885-33-X;403 
248.ics;Geheel anders;ICS;2000 ;Christelijk Studiecentrum ICS, Utrecht;87 ;90-71885-33-x;404 
248.ics;Impact cahier: Christen zijn in carriere, relatie ...;ICS;1998 ;ICS;40 ;;405 
248.koo;Tussen beginsel en belang;Kooy, dr. T.P. van der;1955 ;Zomer & Keunings, Wageningen;192 ;;406 
248.kuy;Geloof en wereldbeeld;Kuyper;1956 ;Wever, Franeker;395 ;;407 
248.nij;Verlegenheid rond werkgelegenheid;Nijkamp, P.;1977 ;De Vuurbaak, Groningen;67 ;90-6015-3677;408 
248.ros;Actuele uitdagingen aan de christenheid;Roscam Abbing, prof. dr. P.J.;1967 ;Boekencentrum, Den Haag;311 ;;409 
248.sch;The God who is there;Schaeffer, F.A.;1968 ;Hodder and Stoughton;190 ;;410 
248.sch;Christus en cultuur;Schilder, dr. K.;1953 ;Wever, Franeker;119 ;;411 
248.sid;Rijke christenen in een tijd van honger;Sider, R.J.;1977 ;Gideon, Hoornaar;299 ;;412 
248.sta;Studeren een stuk van je leven;Stam, drs. C.;1979 ;Kok, Kampen;119 ;;413 
248.sto;Uitdagingen van deze tijd in bijbels perspectief;John Stott;1999 ;novapres;512 ;90-6318-163-9;414 
248.vin;Vogelperspectief;Vink, Willem de;;;;;415 
248.wak;Can it be true?;Wakely, Michael;2002 ;Inter-Varsity Press;224 ;0-85111-285-4;416 
248.wei;Het Volle Leven;Weigand, Hans, e.a.;2005 ;ICS;100 ;9-0239-1798-7;417 
248.yan;Jezus zoals ik hem niet kende;Yancey, Philip;1997 ;Uitgeverij Barnabas;280 ;90-5030-684-5;418 
248.zij;De wereldpolitiek in het licht van de schrift;Zijlstra, A.;1950 ;Oosterbaan & Le Cointre, Goes;255 ;;419 
249.and;Overwinning over de duisternis;Anderson, Neil T.;1997 ;Gideon;287 ;;421 
249.ber;En nu...pak aan;A.Berents Karkdijk;;Stichting kleine uitgeverij;85 ;;422 
249.boe;Tussen anarchie en establishment;Boer, R. den e.a.;1970 ;Ten Have, Baarn;167 ;;423 
249.bon;De wijsheid van God in Jezus Christus;Bonhoeffer, D.;1997 ;Kok Kampen;47 ;;424 
249.bon;Geheimen van de heilige nacht;Bonhoeffer, D.;1997 ;Kok Kampen;46 ;;425 
249.cho;De hemel is zo echt!;Thomas Choo;2005 ;De Groot, goudriaan;256 ;90-73982-18-9;426 
249.cra;Zoektocht naar God;Crabb, Larry;1995 ;Uitgeverij Medema;227 ;906353230-x;427 
249.cun;Is dit echt van u, Heer;Cunningham, L e.a.;1984 ;Gideon, Hoornaar;211 ;;428 
249.fos;Het feest van de Navolging;Foster, R.;2000 ;Ekklesia;191 ;;429 
249.fos;Het feest van de Navolging;Foster, R.;2000 ;Ekklesia;191 ;;430 
249.geo;Geef nooit op!;Verwer, George;1983 ;Operatie Mobilisatie;156 ;90-6331-010-2;431 
249.gum;Brandende kwesties;Nicky Gumbel;1998 ;Gideon, Hoornaar;150 ;90-6067-699-8;432 
249.hug;Groeien in liefde ;Hugget, J.;1996 ;Kok Kampen;125 ;;433 
249.hug;Growing into Love;Hugget, J.;1982 ;Inter-Varsity Press;128 ;;434 
249.hyb;Making life work - putting God's wisdom into action;bill hybels;1998 ;inter varsity press;210 ;0-8308-1788-3;435 
249.ics;Leer en werk;Verbeek, G. e.a.;2002 ;ICS;;;436 
249.joy;The final quest;joyner, rick;1960 ;morning star;158 ;0-88368-478-0;437 
249.lee;Het zaad, het zout, het zuurdesem;Leenhouwers, P. e.a.;1987 ;Radboudstichting, Vught;55 ;;438 
249.lew;Gods megafoon;Lewis, C.S.;1957 ;Ten Have, Amsterdam;170 ;;439 
249.mer;Pasen, heden, verleden, toekomst;Mertens, H.E.;1986 ;Radboutstichting, Vught;40 ;;440 
249.ort;Leven met Jezus van dag tot dag;Ortiz, J.C.;1988 ;Gideon ;178 ;;441 
249.pau;JA! Hoe u radicale vernieuwing kunt ervaren;Palau, L.;1994 ;Medema Vaassen;164 ;;442 
249.she;In zijn voetspoor;Sheldon, C.M.;1983 ;Gideon ;129 ;;443 
249.ver;Honger naar echtheid;Verwer, George;;Gideon, Hoornaar;170 ;;444 
249.whi;Het lijden van Christus;E.G. White;1998 ;E.G. White stichting;60 ;;445 
249.whi;Schreden naar Christus;E.G. White;2003 ;E.G. White stichting;120 ;;446 
251.bar;Reizende rentmeesters;Barneveld, J. van; ;Tearfund, Doorn;35 ;;448 
251.bur;kassa! - chr. werkboek voor de huishoudportemonnee;Burkett, L.;1995 ;medema;190 ;90-6353-245-8;449 
251.mai;? geef mijn PIN aan U volkomen;Peter Maiden;1999 ;Operatie Mobilisatie;100 ;90-6331-004-8;450 
252.bui;Wat je zegt, ben je zelf;Buijs, G. e.a.;2003 ;Boekencentrum, Zoetermeer/ICS;176 ;90-239-1291-8;452 
252.bui;Wat je zegt, ben je zelf;Buijs, G. e.a.;2003 ;Christelijk Studiecentrum ICS;171 ;90-239-1291-8;453 
252.cal;Gulden boekske over het christelijke leven;Calvijn,J.;1985 ;De banier, Utrecht;88 ;;454 
252.cra;Verbondenheid;Crabb, Larry;1998 ;Meinema, Delft;260 ;906353285-7;455 
252.cru;Ik zal nooit meer huilen;Cruz, Nicky;1969 ;Gideon;250 ;90-6067-275-5;456 
252.dam;Zielszorg in de kracht van de Geest;Dr. W.C. van Dam;1983 ;Kok Voorhoeve, Kampen;151 ;;457 
252.ham;A cause worth living for;Hamilton, David.T.;1997 ;RB Printing;;;458 
252.hei;Brieven aan jonge mensen;H.L.Heijkoop;;Uit het Woord der Waarheid;159 ;;459 
252.heu;Vragen om een antwoord;Henk Heusinkveld e.a.;2001 ;Kok Kampen;88 ;90-242-2077-7;460 
252.kem;Bloemlezing;Thomas a Kempis;;;;;461 
252.lew;De grote scheiding;Lewis, C.S.;2001 ;Ten Have, Amsterdam;152 ;;462 
252.lew;Onversneden Christendom;Lewis, C.S.;2002 ;Kok-Kampen;;;463 
252.llo;Authority;Lloyd-jones, D.M.;1958 ;Inter-Varsity Press, London;94 ;;464 
252.loo;Student en gemeente;Loon, Rene van;1992 ;IFES-Nederland, Utrecht;67 ;;465 
252.noo;De mondigheid van de christen;Noordegraaf, drs. A.;1968 ;W. de Zwijgerstichting, Den Haag;45 ;;466 
252.pac;fundamentalisme en het woord van God;Packer, J.I.;1958 ;novapres;160 ;90-6318-717-3;467 
252.pal;De Jezus beweging;Roger C. Palms;1971 ;prisma;126 ;90-274-0659-6;468 
252.pla;Plannen;Plat, Y.;?;?;35 ;?;469 
252.rid;Compromis;Ridderbos, dr. S.J.;1955 ;Kok, Kampen;153 ;;470 
252.rie;Ik wou dat ik kon geloven;Rietkerk, Drs. W.G.;1993 ;Voorhoeve, Kampen;137 ;90-279-1107-8;471 
252.rij;In het spanningsveld van de geest;Rijnsdorp, dr. C.;1968 ;Kok, Kampen;142 ;;472 
252.ros;Gemeenschap en gemeenschapspsalmen;H. Rossier;;Winschoten;40 ;;473 
252.rul;Verwachting en voltooiing;Ruler, dr. A.A.;1978 ;Callenbach, Nijkerk;192 ;;474 
252.sie;D ambtsgedachte;dr. K. Sietsma;?;s.j.p.bakker - amsterdam;222 ;nvt;475 
252.sma;Geloven dat het anders kan;Smalbrugge-hack, C.;1978 ;Ten Have, Baarn;114 ;;476 
252.sta;That's not what i meant;Tim Stafford;1995 ;Crossway books;170 ;1-85684-137-5;477 
252.sto;Evenwichtig christendom;Stott, J.R.W.;1975 ;Gideon, Hoornaar;59 ;;478 
252.tro;Mijn hart blijft onbevredigd;Trobisch, W. & I.;1976 ;Zomer en Keunings, Wageningen;96 ;;479 
252.vel;Solidariteit en antithese, een theol. peiling;Velema, dr. W.H.;1978 ;Kok, Kampen;56 ;;480 
252.wee;Van harte beterschap;Weemoedt, Levi;;;;;481 
252.wil;Het kruis in de asfaltjungle;wilkerson, david;1966 ;Gideon;304 ;90-6067-001-9;482 
252.wis;Te mooi om waar te zijn;Wissink, J.B.M.;1993 ;Radboudstichting, Vught;38 ;;483 
252.zui;Van geloof tot geloof;Zuidema, prof. dr. S.U.;;Wever, Franeker;184 ;;484 
270.bee;Toeval of schepping?;Beek, Bram van de;2005 ;Kok, Kampen;260 ;90-435-1186-2;488 
270.bon;Schepping en Evolutie;Bonting, S.L.;1996 ;Kok Kampen;230 ;;489 
270.dem;Intelligent Design;Dembski, W. A. ;1999 ;Inter-Varsity Press;300 ;0-8308-2314-X;490 
270.dip;Geloof en natuurwetenschap (2);Dippel, dr. C.J. e.a.;1967 ;Boekencentrum, Den Haag;343 ;;491 
270.dip;Geloof en natuurwetenschap (1);Dippel. dr. C.J. e.a.;1966 ;Boekencentrum, Den Haag;232 ;;492 
270.joh;Defeating Darwinism by opening minds;Johnson, Phillip E.;1997 ;inter varsity press;130 ;0-8308-1360-8;493 
270.joh;The Wedge of Truth;Johnson, Phillip E.;2000 ;Inter-Varsity Press;176 ;0-8308-2395-6;494 
270.mcg;Geloof & Natuurwetenschap, een introductie;Alister McGrath;1999 ;kok kampen;244 ;90-435-0027-5;495 
270.mor;De schepping wetenschappelijk bekeken;Morris, H.M.;1981 ;Buijten & Schipperheijn, Amster.;46 ;;496 
270.rot;Oorsprong;Ariel Roth;2003 ;Groen, Heerenveen;390 ;90-5829-306-8;497 
270.sch;Degeneratie;Scheele, Peter M.;1997 ;Buijten en Schipperheijn, Amst. ;247 ;;498 
270.sch;Meer dan exact;Schouten, J. e.a.;1989 ;Christelijk Studiecentrum ICS, Amsterdam;63 ;;499 
270.stu;De schepping in drie dagen;Hilhorst, M. e.a.;1990 ;Studentenpastoraat, Delft;148 ;;500 
271.beu;De dingen hebben hun geheim;Beukel, A. van den;1990 ;Ten Have b.v., Baarn;192 ;90-259-4453-1;502 
271.beu;Met andere ogen;Beukel, A. van den;1994 ;Ten Have b.v., Baarn;231 ;90-259-4586-4;503 
271.den;Deling en heling van de universiteit;Dengerink, dr. J.D.;1974 ;van Gorcum en comp., Assen;48 ;;504 
271.der;Op zoek naar wegen van waarheid;Derkse, W. e.a.;1994 ;Radboudstichting;71 ;;505 
271.dij;Perspectief;Dijk, W.K. van e.a.;1961 ;Kok, Kampen;331 ;;506 
271.dij;De mechanisering van het wereldbeeld;Dijksterhuis, E.J.;1985 ;Meulenhoff, Amsterdam;590 ;;507 
271.doo;Philosophy and christianity;Dooyeweerd, prof. dr. H.;1965 ;Kok, Kampen;451 ;;508 
271.gee;Denken over wetenschap;Geertsema, H.G.;2005 ;Vrije Universiteit;35 ;;509 
271.gei;When skeptics ask;Geisler, Norman en Brooks, Ron;1990 ;Baker Books;282 ;0-8010-1141-8;510 
271.gri;Pluralisms and Horizons;R.J.Mouw en S. Griffioen;1993 ;William B. Eerdmans Publishing Company;180 ;;511 
271.gua;Peilingen van het christelijk denken;Guardini, R.;1965 ;Lannoo, Tiel;134 ;;512 
271.hea;Being a christian in science;Hearn, W.R.;1997 ;Inter-Varsity Press;178 ;;513 
271.hog;Technologie als levenskunst;Hogenhuis, C. e.a.;1996 ;Kok Kampen;257 ;;514 
271.ice;De veelkleurigheid van de techniek;ICE;2000 ;Instituut voor CultuurEthiek, Amersfoort;120 ;90-5881-01-94;515 
271.ill;Heil en zegen van de wetenschap?;Illies, J.;1969 ;Ten Have, Amsterdam;131 ;;516 
271.mei;Geloof in techniek;Meijkneckt, T. e.a.;1986 ;bur. voor techn., beroep en gel.;64 ;;517 
271.mek;Scheppingsopenbaring en wijsbegeerte;Mekkes, prof. dr. J.P.A.;1961 ;Kok, Kampen;134 ;;518 
271.mel;Natuurwetenschap en techniek;Melsen, prof. dr. A.G.M. van;1966 ;Aula, Utrecht;337 ;;519 
271.pop;Wijsbegeerte en antropologie;Popma. prof. dr. K.J.;1963 ;Buyten en Schipperheyn, Amster. ;315 ;;520 
271.rat;De toekomst van het geloof;Ratzinger, Joseph;1971 ;Lannoo, Tielt;106 ;90-209-0380-2;521 
271.rie;Knooppunten der moderne cultuur;Riessen, dr. ir. H. van;1964 ;Waltman, Delft;36 ;;522 
271.rie;Op wijsgerige wegen;Riessen, dr. ir. H. van;1963 ;Zomer & Keunings, Wageningen;102 ;;523 
271.rie;Moderne algemeenheid;Riessen, prof. dr. H. van e.a. ;1963 ;Kok, Kampen;171 ;;524 
271.rie;Roeping en probleem der techniek;Riessen, prof.dr.ir. H. van;1952 ;Kok, Kampen;56 ;;525 
271.ros;Over de verhouding tussen theologie en psychologie;Roscam Abbing, prof. dr. P.J.;1958 ;Boekencentrum, Den Haag;22 ;;526 
271.sch;Het 'technische paradijs';Schuurman, dr. ir. E.;1989 ;Kok Voorhoeve, Kampen;70 ;;527 
271.sch;Techniek en toekomst;Schuurman, dr. ir. E.;1972 ;Van Gorcum en co, Assen;568 ;;528 
271.sch;Tussen technische overmacht;Schuurman, dr. ir. E.;1985 ;Kok, Kampen;114 ;;529 
271.sch;De kulturele spanning tussen technokratie;Schuurman, dr.ir. E.;1973 ;geen uitg;32 ;;530 
271.sch;bevrijding van het Technisch Wereldbeeld;Schuurman, Prof. dr. ir. E.;2002 ;Technische Universiteit Delft;40 ;90-5638-091-5;531 
271.sch;Techniek: middel of moloch?;Schuurman, prof. dr. Ir. E.;1980 ;Kok Kampen;136 ;;532 
271.sch;Nadenken over de technisch-wetenschappelijke kult.;Schuurman, prof.dr.ir. E.;1975 ;Delft;43 ;;533 
271.spi;Filosofie van de onbekende god;Spier, ds. J.M.;1956 ;Kok, Kampen;177 ;;534 
271.str;Bewijs genoeg;Strobel, L.;1998 ;Groenevelt, Landgraaf;315 ;90-6067-858-3;535 
271.ubb;Kanttekeningen bij modern christendom;Ubbink, dr. G.; ;Bosch en Keuning, Baarn;151 ;;536 
271.ved;Utopische grond-,- een metafoor voor zin;Vedder, Dr B.;1986 ;Radboudstichting;29 ;;537 
271.vol;Het calvinisme en de reformatie der wijsbegeerte;Vollenhoven, dr. D.H.Th.;1933 ;Paris, Amsterdam;319 ;;538 
271.vri;Vuur lucht water aarde;Vries, Dr. D.A. de;1959 ;Wolters, Groningen;20 ;;539 
271.vri;Filosofische kijk op technische kennis;Vries, M. J. de;2004 ;Cendris TU Delft;30 ;90-5638-124-5;540 
271.wie;Wijsbegeerte, wetenschap en wereldbeschouwing;Wiersma, prof.dr. D.;1958 ;Leiden;25 ;;541 
271.wil;Wie denkt moet geloven;Wilder-Smith, A.E.;1980 ;Buijten & Schipperheijn, Amster.;64 ;;542 
271.wol;De rede binnen de grenzen van de religie;Wolterstorff, N.;1993 ;Buijten en Schipperheijn, Amst. ;122 ;;543 
271.wol;De rede binnen de grenzen van de religie;Wolterstorff, N.;1993 ;Buijten en Schipperheijn, Amst. ;122 ;;544 
271.wou;Gelovend denken, inleiding tot de chr. filosofie;Woudenberg, R. van;1993 ;Buiten&Schipperheijn, A'dam;48 ;;545 
271.wou;Gelovend denken, inleiding tot de chr. filosofie;Woudenberg, R. van;1993 ;Buiten&Schipperheijn, A'dam;232 ;;546 
271.zui;Konfrontatie met Karl Barth;Zuidema, prof. dr. S.U.;1963 ;Buijten en Schipperheijn, Amst. ;207 ;;547 
272.ble;Kerk en wereldgeschiedenis;Blenk, drs. C.;1998 ;Kok Kampen;208 ;;549 
272.boe;Zicht op Israël 1;Boer, C. den;1983 ;Boekencentrum, Den Haag;182 ;90-239-1951-3;550 
272.boe;Zicht op Israël 2;Boer, C. den;1983 ;Boekencentrum, Den Haag;182 ;90-239-1952-1;551 
272.boe;Zicht op Israël 3;Boer, C. den;1983 ;Boekencentrum, Den Haag;182 ;90-239-1954-8;552 
272.deu;Waar gebeurd;Deurloo, Karel;1981 ;Ten Have b.v. Baarn;106 ;90-259-4178-8;553 
272.low;The day of his power;Lowman, P.;1983 ;;;;554 
272.mul;De wereld is anders geworden;Muller, E.;1953 ;Wever, Franeker;79 ;;555 
272.noo;de da vinci code in het licht van de Bijbel;Noort, drs. B.J.E. van;2005 ;importantia publ.;35 ;90-6659-116-1;556 
272.sen;Godsdienstvrijheid in Nederland;Senf, T.;1989 ;Buijten & Schipperheijn, Amster.;85 ;;557 
272.smi;Beeldenstorm;Smit, J.,e.a.;;VERA orgaan, Groningen;76 ;;558 
272.wat;Cultuurgeschiedenis van het christendom (1);Waterink, prof. dr. J.;1962 ;Elsevier, Amsterdam/Brussel;;;559 
272.wat;Cultuurgeschiedenis van het christendom (2);Waterink, prof. dr. J.;1957 ;Elsevier, Amsterdam/Brussel;1080 ;;560 
272.zui;Ons christelijk geloof;Zuidema, dr. S.U.;1948 ;Wever, Franeker;119 ;;561 
273.bak;ze hebben lief maar worden vervolgd;Bakker, Henk;;;;;563 
273.bet;Ignatius van Antiochie - Zeven brieven-,- Polycarpus van Smyrma - Brief en Mertelaarsakte;Benedictinessen van Bonheiden;1981 ;Abdij Bethlehem;225 ;;564 
273.fle;Lasting legacy - the history of the early church;Fleming, Stan F.;2005 ;tec;200 ;;565 
273.gre;Evangelie verkondiging in de eerste eeuwen;Green, M.;1979 ;Oosterbaan / Buyten & Schipperh.;400 ;;566 
274.aal;Assen's leerbeslissing toegelicht en getoetst;Aalders, J.C.;1927 ;Ten Have, Amsterdam;20 ;;568 
274.bak;Protestantse pleidooien uit de zestiende eeuw (1) ;Bakhuizen v.d. Brink, prof. dr ;1962 ;Kok, Kampen;206 ;;569 
274.bak;Protestantse pleidooien uit de zestiende eeuw (2) ;Bakhuizen v.d. Brink, prof. dr.;1962 ;Kok, Kampen;206 ;;570 
274.bar;Gruntfragen;Barth, Karl;1935 ;;40 ;;571 
274.ber;Geloofsgetuigenis;Berkouwer, G.C., e.a.;1974 ;Informatiedienst GKN, Utrecht;48 ;;572 
274.cha;Geschiedenis ener martelaarskerk;Chambon, prof. J.;1951 ;Oosterbaan & Le Cointre, Goes;214 ;;573 
274.dri;Het Lutherboek;Drijver, D.;1917 ;N.V. Uitg.-maatsch., Zaltbommel ;159 ;;574 
274.fer;Reformatie;Fernandez-Armesto, F. & Wilson, D.;1996 ;Anthos;340 ;90-414-0189-X;575 
274.gen;Zicht op Calvijn;Genderen, prof. dr. J. e.a.;1965 ;Buijten & Schipperheijn, Amster.;219 ;;576 
274.gov;Heeft Kuitert gelijk?;Govaart, Caspar;1994 ;Uitgeverij Amboo, Baarn;125 ;90-263-1278-4;577 
274.koo;Luther - zijn weg en werk;Kooiman, W.J.;1959 ;W. Ten Have N.V. Amsterdam;187 ;;578 
274.kui;Het Algemeen betwijveld christelijk geloof;Kuitert H.M.;1992 ;Ten Have/ Baarn;300 ;90-259-4481-7;579 
274.kuy;Nabij God te zijn;Kuyper, dr. A.;1908 ;J.H.Kok-Kampen;260 ;nvt;580 
274.ler;Voortvarend en oprecht;Leroy, F.;1959 ;Oosterbaan & Le Cointre, Goes;192 ;;581 
274.luh;Tafelgesprekken;Luther, M.;;Kok kampen;68 ;90-242-2988-x;582 
274.lut;Tischreden;Luther, M.;1960 ;Philipp Reclam Jun, Stuttgart;317 ;;583 
274.plo;Het lege testament;Ploeg, Piet van der;1985 ;T. Wever;200 ;90-6135-399-8;584 
274.rui;Om het fundament;Ds. L.W.Ch. Ruijgrok;1997 ;j.j.groen en zoon;24 ;90-5030-838-4;585 
275.fil;Don Helder Camara in nederland;Filius, J. e.a.;1970 ;Bruna & Zoon, Utrecht;95 ;;587 
275.nab;O mijn lieve Augustijn;Nabuurs, J.W.M. e.a.;1968 ;R.K.S.V. Sanctus Augustinus,;240 ;;588 
275.rat;Waarden in tijden van ommekeer;Joseph Ratzinger/ Benedictus XVI;2005 ;Lannoo;170 ;9,78902E+12 ;589 
276.mcl;A new kind of christian;McLaren, B. D. ;2001 ;Jossey-Bass, San Francisco;165 ;0-7879-5599-X;591 
276.phi;Christian  apologetics in the postmodern world;T.R. Phillips e.a.;1995 ;InterVarsity Press;238 ;0-8308-1860-X;592 
278.bij;De Roeping ;Bijl, A. van der;1996 ;Gideon;237 ;90-6067-723-4;594 
278.bon;Bonhoeffer - theoloog van het kruis;Neven, Dr. G.W.;1992 ;kok kampen;30 ;90-242-6915-6;595 
278.bru;Dooyeweerd Herdacht;J. de Bruin;1995 ;VU uitgeverij;116 ;90-5383-381-1;596 
278.che;Orthodoxie;Chesterton, G.K. ;2001 ;Kok, Kampen;224 ;90-435-0297-9;597 
278.dan;Calvijn, zijn weg en werk;Dankbaar, W.F.;1900 ;Callenbach;200 ;;598 
278.fro;Smith Wigglesworth, apostel van het geloof;Frodsham, S.H.; ;Gideon, Hoornaar;151 ;;599 
278.gee;Herman Bavinck;Geelhoed, J.;1958 ;Oosterbaan & Le Cointre;199 ;;600 
278.gre;Keith Green: no compromise;Green, M. e.a.;1990 ;Gideon Hoornaar;405 ;;601 
278.kli;Christenen doorgelicht, vraaggesprekken met;Klijn, M. de;1974 ;Stichting Interlektuur;77 ;;602 
278.lug;Om u de waarheid te zeggen;P. Lugtigheid;1965 ;Ten Have, Amsterdam;140 ;;603 
278.pla;Het gewijde Tour dagboek van Adrian Plass;Plass, Adrian;2004 ;merweboek;192 ;90-5787-088-6;604 
279.ade;Christen-studenten tijdens de revolutie;Adeney, D;1978 ;Buijten en Schipperheijn;157 ;;606 
279.doe;Het kerkgebouw in het postmoderne landschap;Doevendans, Kees;2004 ;Boekencentrum, Zoetermeer;341 ;90-23915-24-0;607 
279.pet;Als een brullende leeuw;Peterson, R.; ;Evangelie drukkerij, Apeldoorn;136 ;;608 
279.ruy;Nieuwe orientatie, de kerk in Oost-Duitsland;Ruys, B.;1965 ;Ten Have, Amsterdam;242 ;;609 
279.sas;De Koningsheerschappij;Sasek, I.;2001 ;Gemeente-leerdienst Nederland;205 ;;610 
279.tal;Jambulani Africa!;Talstra, H.;2005 ;rad, dordrecht;384 ;90-72852-10-9;611 
279.wur;De ondergrondse kerk gemarteld om Christus wil;Wurmbrand, ds. R.; ;De Banier, Utrecht;129 ;;612 
280.ado;Het graf van God, heeft de kerk nog toekomst?;Adolfs, R.;1966 ;Ambo, Utrecht;164 ;;614 
280.bil;de kerk als gemeenschap;bilezikian, gilbert;1997 ;Gideon;190 ;90-6067-902-4;615 
280.dri;Het blijvende woord: kerken, sekten en stromingen;Driel, L. e.a.;1976 ;Kok Kampen;224 ;;616 
280.gri;Assepoester of de vergeten best. v.d. kerk;Griffiths, M.;1977 ;Voorhoeve, Den Haag;170 ;;617 
280.hoe;De kerk binnenste buiten;Hoekendijk, J.C.;1964 ;Ten Have, Amsterdam;208 ;;618 
280.ker;Kerk zijn in Delft;;1996 ;kontaktraad van kerken;130 ;;619 
280.tri;Kerkelijk samenspreken, hoe gaat dat in zijn werk ;Trimp, P.J. e.a.;1992 ;GSEV, Roden;48 ;;620 
280.tro;Kerkelijke verantwoordelijkheid;Troost, prof. dr. A.; ; ;;;621 
281.cas;De kunst van twijfelen;Castellio, S.;1953 ;Blommendaal, Den Haag;87 ;;623 
301.bui;Jaarverslag ontwikkelingssamenwerking 1998;Herfkens, E., e.a.;1999 ;Ministerie van Buitenlandse Zaken;91 ;90-5328-224-6;628 
301.wel;Het geheim van de godin;Welle, Marloes van der;2005 ;telos;140 ;90-6353-454-X;629 
303.clo;Europa weerloos?;Close, generaal R.;1977 ;Standaard Uitgeverij.;365 ;;631 
303.wee;De Europese gemeenschap;Weerdmeester en Van Dessel;1992 ;Europa centrum;96 ;;632 
304.bav;Christendom en oorlog;Bavinck, dr. H. e.a.;1966 ;Kok, Kampen;232 ;;634 
304.die;In de schaduw der vernietiging;Diepenhorst, prof. mr. I.A.;1962 ;Zomer & keunings, Wageningen;124 ;;635 
304.iem;Oorlog, dienstplicht en dienstweigering;Iemhoff, W.G.J.;1966 ;Het Wereldvenster, Baarn;130 ;;636 
304.kah;Hitler's Spies;David Kahn;1978 ;Macmillan Publishing Co.;670 ;0-02-560610-7;637 
304.lel;Vreedzame internationale betrekkingen;Lely, dr. E.H.F. van der;1957 ;Ned. Onderwijzers Ver., Amster. ;28 ;;638 
304.lor;de dag van pearl harbor;Lord, Walter;;Prisma;205 ;;639 
304.rol;Over oorlog en vrede;Roling, prof. dr. B.V.A.;1964 ;De Bezige Bij, Amsterdam;240 ;;640 
304.rol;de betekenis van de strategic arms limitation talks;Roling, Prof. Mr. B.V.A. ;1970 ;;61 ;;641 
304.sec;Kernwapens;Secretaris-generaal van de V.N.;1967 ;Staatsdrukkerij, Den Haag;94 ;;642 
304.str;52 vragen over oorlog en vrede;Strijd, Kr.;1965 ;Ten Have, Amsterdam;176 ;;643 
305.bos;Mensenrechten wereldwid, een gereformeerde politieke visie;Bos, E;1989 ;Groen van prinsterer;100 ;90 6015 833 4;645 
305.cli;Cultuur, politiek en christelijke traditie;Cliteur, dr. P.B. e.a.;1996 ;Callenbach;189 ;;646 
305.die;Christelijke politiek;I.A. Diepenhorst;1958 ;Kok Kampen;300 ;;647 
305.dui;Groene politiek;Duijn, R. van;1984 ;De Horstink, Amersfoort;80 ;;648 
305.dyk;Vonken van heilig vuur;Dijk, van e.a.;2001 ;Groen;;;649 
305.gro;De schaarste voorbij;GPV, Groen van Prinsterer stichting;1984 ;Drukkerij Groenendijk, Rotterdam;118 ;90-71075-01-x;650 
305.gro;Grondrechten zonder basis;Groen van Prinsterer Stichting ;1985 ;De Vuurbaak, Groningen;104 ;;651 
305.gro;Ongeloof en revolutie;Groen van Prinsterer, mr. G.;1951 ;Wever, Franeker;327 ;;652 
305.gro;De Reformatie en de staatkunde;Groot, dr. D.J. de;1955 ;Wever, Franeker;311 ;;653 
305.hoe;De Nederlandse Politieke Partijen;Hoekstra, drs. E.G.;1982 ;Kok Kampen;103 ;;654 
305.mas;Denken over theocratie;Massink, H.F.;1991 ;J.J. Groen en Zoon;56 ;;655 
305.mek;Antirevolutionair beleid;Mekkes, prof. dr. J.P.A.;1954 ;Wever, Franeker;56 ;;656 
305.pro;Schuivende panelen;Pronk, J.P. e.a.;1987 ;PvdA, Amsterdam;195 ;;657 
305.sch;Christelijk sociaal denken;Schutte, G.J. e.a.;1987 ;De Vuurbaak, Groningen;85 ;;658 
306.doo;Uitleiding uit de marxistische economie;Doorn, prof. dr. A. van;1978 ;Stenfert Kroesen, Leiden;100 ;;660 
306.hol;Die duisternis voorstellen als licht;Holzapfel, W.;1959 ;Wever, Franeker;224 ;;661 
306.meh;Peking en Moskou;Mehnert, K.;1962 ;Wever, Franeker;524 ;;662 
306.red;Einfuhrung in den dialektischen;Redlow, G.;1972 ;Dietz Verlag, Berlin;505 ;;663 
306.sch;Marxismus und das menschliche individuum;Schaff, A.;1972 ;Rowohlt, Hamburg;155 ;;664 
306.wur;Wurmbrand brieven;Wurmbrand, ds. R.;1968 ;De Banier, Vianen;142 ;;665 
306.wur;Was Karl Marx een satanist ?;Wurmbrand, R.;1975 ; ;30 ;;666 
307.alg;De revolutie permanent?;Algra, H.;1974 ;Buijten en Schipperheijn, Amst. ;48 ;;668 
307.anw;Sadat op zoek naar een eigen identiteit;Anwar, A.;1978 ;Bruna & Zn.;353 ;;669 
307.bak;Verbeelding als wapen;Bakels, F.B.;1979 ;Elsevier, Amsterdam;143 ;;670 
307.bru;Bezinning en uitzicht;Bruins-slot, dr. J.A.H.J.S.; ;Zomer en Keunings, Wageningen;186 ;;671 
307.cam;Revolutie in vredesnaam;Camara, D.H.;1969 ;Bruna & Zoon, Utrecht;140 ;;672 
307.for;de puinhopen van 8 jaar paars;Fortuyn, Pim;2002 ;Academy Uitgeverij B.V., Rotterdam;186 ;90-6112-911-7;673 
307.kuy;Het voorschrift en de macht;Kuypers, dr. G.;1960 ;Wever, Franeker;20 ;;674 
307.rec;Kosmokomplot 70;Reckman, P.;1970 ;Interkerkelijk Vredesberaad; ;;675 
307.sch;Praten in het voorhuis;Schaaf, ds. Y.;1983 ;N.C.R.V., Hilversum;74 ;;676 
307.vog;Sociaal-economische bezinning;Vogelaar, drs. N. e.a.;1990 ;De Vuurbaak, Barneveld;132 ;;677 
307.wei;Voorwaarden voor de vrede;Weizsacker, C.F. von;1966 ;Lemniscaat, Rotterdam;168 ;;678 
320.baa;Ongoing Innovation;Baan;1996 ;Baan usiness BV;206 ;;682 
320.hil;Informatietech. en bedrijfscultuur;;1990 ;Stichting Techniek, beroep en geloof;58 ;;683 
320.kui;Geboeid door het WEB;Kuipers, J., e.a.;1998 ;Christelijk Studiecentrum ICS, Amsterdam;61 ;90-71885-29-1;684 
320.pan;Automatisering over ons;Pansier, ir. F. e.a.;1986 ;De Vuurbaak, Groningen;103 ;;685 
320.vol;de Volkskrant stijlboek;de volkskrant;1992 ;Sdu uitgeverij;200 ;90-12-06584-4;686 
321.gor;an Inconvenient Truth;All Gore;2006 ;;DVD;;688 
321.NMP;Een wereld en een wil;Nationaal Mileubeleid plan;2001 ;Nationaal Mileubeleid plan;200 ;;689 
322.bru;Wingewest of broederland;Bruijne, O. de e.a.;1990 ;Christelijk Studiecentrum ICS, Amsterdam;63 ;;691 
322.bru;Milieusparend huishouden;Brunt, M.M.A.;1988 ;St. Natuur en Milieu, Utrecht;181 ;;692 
322.gou;genoeg van te veel - genoeg van te weinig;Goudzwaard, dr. B., e.a.;1986 ;ten Have/Baarn;158 ;;693 
322.hei;Economische ontwikkeling;Heilbroner, R.L.;1966 ;Aula, Utrecht;150 ;;694 
322.hei;Time to turn;vd Heijden, S. & Vonk, M.;1997 ;kok;60 ;90-297-1563-4;695 
322.huy;Laat niet als dank;Huygen, ir. J. e.a.;1992 ;De Vuurbaak, Barneveld;95 ;;696 
322.kli;Gerechtigheid en barmhartigheid;Klinken, dr. J. van; ;Zending & Werelddiakonaat v.d.;87 ;;697 
322.koe;De kleine cathechismus van de ontwikkelingssamenw.;Koetsier, drs. C.H.;1971 ;Meinema, Delft;47 ;;698 
322.lan;The wealth and poverty of nations;Landes, David S.;1999 ;Norton & co.;531 ;0-393-31888-5;699 
322.lan;Rijke en arme landen;Lange, dr. H.M. de;1967 ;Het Wereldvenster, Baarn;172 ;;700 
322.lin;De suiker en de honger;Linhart, R.;1981 ;Solidaridad, Den Haag;103 ;;701 
322.mul;Max Havelaar;Multatuli;1860 ;De Mouter, Dommelen;537 (met grote letters);90-5217-003-7;702 
322.nat;Leven en later leven;Wereld natuur fonds e.a.;1989 ;;64 ;9070211432 ;703 
322.ncd;bodem van het bestaan;National Commissie voor Internationale Samenwerking en Duurzame Ontwikkeling;2000 ;Agora, Kampen;181 ;90-391-0812-9;704 
322.nes;Ned. ontwikkelingshulp in dienst van kapitaalsbel.;Nesbic;1973 ;Nesbic,;280 ;;705 
322.nio;In het belang van arm en rijk;NIO;1977 ;;69 ;;706 
322.nos;The earth in our hands;Moss, Rowland;1982 ;Inter-Varsity Press;124 ;;707 
322.she;Verantwoorde energie - een duurzame uitdaging;Shell;2002 ;Shell;25 ;;708 
322.vee;Mijn vlakke land;Veerman, H.J.;2004 ;ICS;80 ;90-239-1634-4;709 
322.ver;Recht in overvloed;Gerard Verbeek;2005 ;damon;260 ;90-5573-679-1;710 
323.alg;De eigen weg;Algra, H.;;Wever, T., Franeker;290 ;;712 
323.gor;Moderne omgangsvormen;Gorz, H.;1981 ;Standaard, Bussum;143 ;;713 
323.her;Delft, het complete verhaal;Auke Herrema, Peter Kraaijeveld;1996 ;;100 ;;714 
323.kni;Met z'n allen alleen;H.W.de Knijff e.a.;1995 ;ICS;63 ;;715 
323.len;De taken verdeeld;Lenting, J. e.a.;1991 ;De Vuurbaak, Barneveld;76 ;;716 
323.mek;Complicatie en eenvoud der geschiedenis;Mekkes, Prof.Dr. J.P.A.;1963 ;Civititas Studiosorum Reformatorum;19 ;;717 
323.tro;land van domineeskinderen;Drayer, E., e.a.;2002 ;Maarten Muntinga bv, Amsterdam;176 ;90 417 0394 2;718 
323.wes;De jaarboeken van Nicolaas Westendorp (2);Westendorp, N.;1832 ;Oomkes, Groningen; ;;719 
324.ver;Denkend aan vol land;Veerman e.a.;2001 ;I.C.S., Amsterdam;100 ;90-239-1145-8;721 
325.her;Vluchtelingen stellen ons (voor) vragen;Ned. Hervormde kerk;1990 ;Ned. Hervormde kerk, Driebergen ;54 ;;723 
325.vri;Kwaliteitszorg zonder onbehagen;Vries, H. de;1999 ;Buyten & Schipperheyn, Amsterdam;78 ;;724 
326.beg;Drugs;Begeleidingscommissie Delft; ;Delft;37 ;;726 
326.pol;Drugs - waarom niet?;Poley, dr. ir. J.Ph.; ;Gideon, Hoornaar;56 ;;727 
326.sti;Mijn kind is verslaafd;Stilma, L.;1979 ;Callenbach, Nijkerk;75 ;;728 
327.bed;Bedrijven spiegel 2006;;2006 ;bedrijven spiegel;175 ;;730 
327.boe;Einde of nieuw begin?;Boerwinkel, F.;1974 ;Ambo, Baarn;128 ;;731 
327.bon;Volkskracht in gevaar!;Bonda, drs. H.J.;1963 ;Zomer en Keuning, Wageningen;70 ;;732 
327.bor;De verantwoordelijke maatschappij;Borst, prof. mr. P. e.a.;1958 ;Wever, Franeker;370 ;;733 
327.buc;Wat geven wij de jongeren mee II;Buchner, B.;1990 ;GSEV;12 ;;734 
327.dal;Als beroemde personen spreken;Dalmeijer;1912 ;dalmeijer's cursusussen amsterdam;253 ;;735 
327.dan;De monarchie;Dante Alighieri,;1940 ;Wereldbibliotheek, Amsterdam;168 ;;736 
327.hor;Wat geven wij de jongeren mee;Horst, drs. W.C. van der e.a.;1990 ;De Vuurbaak, Barneveld;125 ;;737 
327.hou;Zo nemen wij de kinderen mee;Houtman, R.A. e.a.;1986 ;De Vuurbaak, Barneveld;128 ;;738 
327.hut;Moeten en mogen in de arbeidsgemeenschap;Hutte, Dr. H.A.;1956 ;Wolters,Groningen;26 ;;739 
327.ics;Wie niet werkt wie niet leeft;Albeda, prof.dr. W. e.a.;1987 ;Christelijk Studiecentrum ICS, Amsterdam;48 ;;740 
327.kne;Doe dat ding uit!;Knevel, A.;1993 ;Kok Kampen;100 ;;741 
327.kni;Particulier bedrijf of socialisme;Knibbe, dr. P.G.; ;Wever, Franeker;80 ;;742 
327.mcc;De stad in Gods ogen;McClung, Floyd;1990 ;Inter Media, Westervoort;221 ;;743 
327.mcD;Liberating the Nations;McDowell, S. & Beliles M.;1995 ;Providence Foundation;200 ;1-887456-01-5;744 
327.mey;Sociale ethiek, basisboek;Meykamp, W.J.M. e.a.;1989 ;Wolters Noordhoff, Groningen;175 ;;745 
327.pro;Profiel, bedrijfsprofielen en presentatie;;2004 ;Make A Move;200 ;;746 
327.rie;De huidige studentenproblematiek;Riessen, prof.dr.ir. H. van; ;Reunistenorganisatie S.S.R.;30 ;;747 
327.smi;De gevaren van sensitivity training;Smit, E.;1972 ;Stichting Moria, Amsterdam;32 ;;748 
327.ste;Werkelijkheid en grondmotief bij Van Gogh;Stellingwerf, dr. ir. J.;1959 ;Swets & Zeitlinger, Amsterdam;206 ;;749 
327.too;Zaken zijn zaken;Toonder, M.;1991 ;Bezige bij;204 ;;750 
327.val;België kent u het zo;Valkenburg, Rik;1975 ;Pieter, groede - Nederland;300 ;;751 
327.ver;Geen beter leven dan een goed leven;Beukel, A. van den;1998 ;Ten Have;220 ;90-259-4759-X;752 
327.vss;Poenboek 1999-2000;VSSD;1999 ;VSSD;167 ;90-71301-23-0;753 
327.wie;Gronden van misdaad;Wiersma, Dr. D.;1957 ;Tjeenk Willink & Zoon, Haarlem;23 ;;754 
327.wil;Ongeremd stijlvol;Williams, Nicole;2004 ;Het Spectrum Utrecht;225 ;90-274-9840-7;755 
340.dei;hoop voor moslimjongeren;Deijl, Willem van der & Takken, Herman;2005 ;St. evangelie en moslims, amersfoort;80 ;90-5881-224-3;759 
340.sai;Mijn strijd voor Allah;Al-Sain, J.;2002 ;Barnabas, Heerenveen;220 ;90-5829-267-3;760 
340.tak;Wat zijn de zuilen van het christelijk geloof?;Takken, Herman;2005 ;St. evangelie en moslims, amersfoort;65 ;90-5881-225-1;761 
341.daw;The Koran;Dawood, N.J.;1956 ;penguin;433 ;0-140-44920-5;763 
341.min;Social justice in islam;Mintjes, H.;1977 ;Inst. for the Study of Religion ;92 ;;764 
341.min;Sociale gerechtigheid in de Islam;Mintjes, H.;1980 ;Alg. Diak. Bur. v.d. Geref. kerk;78 ;;765 
342.bij;Jezus en Israël - een parallelle geschiedenis;Bijgaart, A vd;2001 ;ecovata;20 ;90-76742-22-7;767 
342.blu;Een ladder naar de hemel;Blue, L.;1976 ;Ten Have, Baarn;119 ;;768 
342.cha;Het Chassidisme;Tabaksblatt, S.P.;1980 ;Kok Kampen;32 ;;769 
342.mic;Het liberale jodendom in Nederland 1929-1943;Michman, D.;1988 ;Van Gennep Amsterdam;224 ;;770 
342.oev;Joden en Christenen;Oeveren, B. van e.a.;1980 ;Credo, 7e jrgng., nr.;48 ;;771 
342.vri;Tweespalt en verbondenheid;Loopik, van e.a.;1998 ;Meinema, Delft;;;772 
344.dam;Okkultisme en christelijk geloof;Dam, dr. W.C. van;1978 ;Voorhoeve, Den Haag;120 ;;774 
344.mat;Occult zakwoordenboek;drs. R.H.Matzken;2001 ;moria;60 ;90-5798-067-03;775 
345.dij;Dante's Devina Commedia;Dijk, J. van; ;Schors, Amsterdam;102 ;;777 
345.het;Het blijvende woord;;1997 ;Kok Kampen;275 ;90 392 0272 9;778 
345.hoo;Ongewenste Goden;Hooven, marcel ten;2006 ;Sun, Amsterdam;301 ;90-8506-202-0;779 
345.ics;feestvieren in een multiculturele samenleving;Gerkema-Mudde, J., e.a.;2003 ;Boekencentrum, Zoetermeer;96 ;;780 
345.kon;Werelreligies;;1997 ;Koneman;120 ;;781 
345.lee;Wegen en grenzen;Leeuw, prof. dr. G. van der;1955 ;Paris, Amsterdam;376 ;;782 
345.sim;Winkele op de 'reli-markt'?;Kard. Simonis e.a.;;;;;783 
345.spe;Antwoord, gestalten van geloof in de wereld van nu;Sperna Weiland, prof. dr. J.;1975 ;Meulenhoff, Amsterdam;264 ;;784 
401.bar;De route om de west;Barreveld;-;-;;;789 
401.dan;De goddelijke komedie;Dante Alighieri;1300 ;Uitgeverij Pelckmans;600 ;90-289-1941-4;790 
401.mak;Ooggetuigen van de vaderlandse geschiedenis;Mak, Geert;1997 ;Uitgeverij Prometheus;354 ;90-5713-722-4;791 
401.ric;Heersers van de Aarde;Richardson, Don;1997 ;Novapress;405 ;90-6318-270-8;792 
401.ste;Burggraaf Anne de Keroual de St. Ives;Stevenson, R.L.;;L.J. Veen's Uitgeversmaatschappij N.V. Amsterdam;367 ;;793 
401.tol;In de ban van de Ring: Reisgenoten;Tolkien;1956 ;Prisma;500 ;;794 
402.han;Het wrak;Haneveld, J.K.;2002 ;Voorhoeve Kampen;96 ;90-297-1725-4;796 
402.kat;De Jacht op de ingenieur;Katz, S.M.;2000 ;De Groot Goudriaan;370 ;906140 712 5;797 
402.mac;De genadelozen;maclean, Alistair;1969 ;elsevier, amsterdam;248 ;;798 
402.mar;De Militaire Overjas;Marron, John;1989 ;litera print ag;60 ;;799 
402.per;Licht door de duisternis;Peretti, Frank;1992 ;Novapres;;;800 
403.pla;Stress Familie Robinson;Plass, Adrian;1996 ;Merweboek;154 ;90-71864-76-6;802 
403.sch;Jippus et Jannica;Schmidt, A.M.G.;2001 ;Querido's Uitgeverij b.v.;64 ;90-214-8158-8;803 
403.seg;Overwinteren;Segers, J.;2000 ;uitgeverij boekencentrum, Zoetermeer;190 ;90-239-9031-5;804 
403.sie;Knielen op een bed violen;Siebelink, Jan;2005 ;De Bezige Bij, Amsterdam;446 ;90-234-1665-1;805 
404.bre;De klucht van de koe;Bredero, G.A.;1612 ;Thieme, Zutphen;48 ;;807 
404.her;Liggen in 't gras;Hermans, T.;1979 ;Elsevier, Amsterdam;175 ;;808 
404.huy;ik ben een new yorker;Twan Huys;2006 ;Prometheus Amsterdam;250 ;90-446-8064-9;809 
404.ics;Na-apers en zondebokken;Weigand, Hans, e.a.;2001 ;ICS;;;810 
404.lee;Omgaan met literatuur;Leeuw, drs. G.H. de e.a.;1983 ;De Vuurbaak, Barneveld;60 ;;811 
404.roo;De kunstenaar een profeet?;Rookmaaker, H.R.;1965 ;Kok, Kampen;31 ;;812 
405.lew;The voyage of the dawntreader;Lewis, C.S.;1952 ;William Collins, London;189 ;;814 
405.sha;Een midzomernachtdroom;Shakespeare, W.;1993 ;Bert Bakker;79 ;;815 
405.sha;Othello;Shakespeare, W.;1993 ;Bert Bakker;133 ;;816 
405.sha;Richard II;Shakespeare, W.;1993 ;Bert Bakker;96 ;;817 
407.bog;Swiebertje krijgt een huis;Bogaard, J. uit den;;Kluitman, Alkmaar;79 ;;819 
407.ste;Het magisch labyrinth;Stewart, I.;1998 ;Nieuwezijds;245 ;;820 
407.swi;Een zeer speciale baby;Swindells, Robert;1981 ;Westfriesland - Hoorn;50 ;90 205 1607 8 ;821 
420.goo;Het grote doe-het-zelf boek;Goock, Roland;1970 ;Kluwer Algemene Boeken;467 ;90-6117-010-9;825 
421.aal;Het groen klussenboek;Aalders, W.;1991 ;zuid-hollandsche uitgeversmaatschappij;496 ;90 5112 218 7;827 
422.bar;Creatief wonen;Barnard, N.;1995 ;Kosmos-Z&K Uitgevers, Utrecht/Antwerpen;72 ;90-215-2814-2;829 
430.dok;Wat zullen de mensen zeggen;Dokus;2002 ;Mozaiek, Zoetermeer;70 ;90 239 9061 7;833 
430.jel;Studentikoosjer;Jelier, J.;1998 ;Everread;91 ;;834 
430.lan;Wat er zo leuk is aan werken;Lansky, B.;1998 ;Zuidnederlandse Uitgeverij N.V., Aartselaar, Belgie, MMI;125 ;90-438-0454-1;835 
430.pet;De mooiste tijd;M.Persson;1997 ;TU Delft;100 ;;836 
431 ;Muziek;;;;;;837 
431.cnv;Expressie 1999: Over Christenen die actief zijn in de muziek en in de kunsten;CNV Kunstbond;1999 ;Drukkerij Pauwels, Eelko;337 ;90-239-0471-0;838 
431.eva;Psalmen, Gezangen;De evangelische compagnie;1938 ;Proost & Bendt, Amsterdam;200 ;;839 
431.fra;Organ Works;Franck, Cesar;1987 ;Dover publications;191 ;0-486-25517-4;840 
431.ife;Ifes zangbundel;ifes nederland;1999 ;ifes nederland;30 ;nvt;841 
431.jan;Popmuziek en geloof;Jansen, Wim;1995 ;Kok, Kampen;120 ;90-242-2359-8;842 
431.oos;Nieuw bijbels liedboek;Oosterhuis, H.;1986 ;Ambo, Utrecht;190 ;;843 
431.ren;Kaf & Koren;Riviere, L. la;1980 ;Continental Sound, Rotterdam;198 ;;844 
431.sig;Singjaal, liederenbundel;St. Signaalkampen; ;Van Soest, Amsterdam;40 ;;845 
431.vie;Pieces en style libre;Lois Vierne;;;5 ;;846 
431.yfc;Youth for Christ - zangboek;Youth for Christ; ;Youth for Christ, Driebergen;63 ;;847 
433.cam;Graag gedaan;Remco Campert;1990 ;De Bezige Bij, Amsterdam;150 ;90-234-2385-2;849 
433.kui;Turbotaal;Kuitenbrouwer, J.;1987 ;Aramith;91 ;;850 
433.roe;De Gentleman;Bernhard Roetzel;1999 ;;;;851 
433.roo;Kunst...spreekt vanzelf;Rookmaaker, H.R.;1978 ;Oosterbaan & Le Cointre, Goes;59 ;;852 
433.sch;Encyclopedie van de sportvisserij;Jan Schreiner;;Elsevier, Amsterdam;450 ;;853 
433.sin;Bridge van start tot finish (3);Sint, C. e.a.;1979 ;Tirion, Baarn;120 ;;854 
433.sin;Bridge van start tot finish (4);Sint, C. e.a.;1980 ;Tirion, Baarn;128 ;;855 
433.sin;Bridge, van start tot finish (5);Sint, C. e.a.;1986 ;Elsevier, Amsterdam;111 ;;856 
433.whi;The race;White, J.;1984 ;Inter-Varsity Press;212 ;;857 
433.wie;Dammen in opbouw 4;Wiersma, H.;1989 ;Tirion, Baarn;131 ;;858 
433.wol;sport in beeld, Toerfietsen;Franz Wöllenmüller;1960 ;Meulenhoff;100 ;;859 
504.csr;Bewust, almanak  2005/2006;C.S.R.;2005 ;C.S.R.;192 ;;864 
504.csr;Groot is mooi, Almanak 2003/2004;C.S.R.;2003 ;C.S.R.;180 ;;865 
505.don;Inzicht;DonaCie;2005 ;C.S.R.;128 ;;866 
510.peu;De toekomst van de universiteit;Peursen, prof. dr. C.A. van;1966 ;Christen Studenten Associatie;39 ;;870 
511.sg;Pompen of verzuipen;Scheepsbouwkundig gezelschap;1999 ;SG Willem Froude;190 ;;872 
511.sty;Looking at the world from your sofa;Stylos;1999 ;Stylos, bouwkunde;3 boeken;;873 
513.bau;De lange weg naar de Technische Universiteit Delft;Baudet, H.;1992 ;Sdu Uitgeverij, Den Haag;575 ;;875 
513.bau;De lange weg naar de Technische Universiteit Delft - Aanvulling;Baudet, H.;1992 ;Sdu Uitgeverij, Den Haag;843 ;;876 
520.vgs;Zicht op Delft;'t Pookje;1982 ;V.G.S.D., Delft;120 ;;880 
520.vgs;Plaatsbepaling in de techniek;VGSD;1980 ;VGSD;103 ;;881 
521.csv;Annuarium 2000-2001;CSV Alpha;2000 ;CSV Alpha;130 ;;883 
523.ssr;Almanak der S.S.R. 1974;;1974 ;;100 ;;885 
523.ssr;Almanak der S.S.R. 1956;Vreugdenhil, F. e.a.;1956 ;Meinema, Delft;297 ;;886 
524.ham;Fruit that lasts: IFES graduates serving Jesus Christ;Hammond, P.;2003 ;InterVarsity Marketplace;118 ;;888 
524.ife;IFES 25 jaar;Ifes;1984 ;IFES;80 ;;889 
529.cgk;Jaarboek 1999;Christelijk Gereformeerde kerk;1999 ;CGK;300 ;;891 
